{
    "meta": {
        "query_time": 4.083211,
        "powered_by": "einrehijjr",
        "trace_id": "ddcef3bb-9a24-7aae-f05a-b5c715f4dfde"
    },
    "resources": [
        {
            "device_id": "12d5c9cdfeaca24faf8a3e6f7a5e5cec",
            "cid": "f1ec29b26c0baeaf143cbcba2bf36bf1",
            "agent_load_flags": "2",
            "agent_local_time": "2024-01-23T00:00:00.000000Z",
            "agent_version": "10.19.91655.4",
            "bios_manufacturer": "Dell Inc.",
            "bios_version": "Random Example",
            "build_number": "80249",
            "config_id_base": "62223679",
            "config_id_build": "07908",
            "config_id_platform": "2",
            "cpu_signature": "940473",
            "cpu_vendor": "0",
            "external_ip": "74.173.96.120",
            "mac_address": "a8-bd-18-5f-f8-ee",
            "hostname": "DESKTOP1VZOK",
            "first_seen": "2024-01-05T00:00:00.000000Z",
            "last_login_timestamp": "2024-06-11T00:00:00.000000Z",
            "last_login_user": "FK6DeQv",
            "last_login_user_sid": "Mock Random Data Sample",
            "last_seen": "2024-11-08T00:00:00.000000Z",
            "local_ip": "251.160.222.238",
            "machine_domain": "fake.net",
            "major_version": "21",
            "minor_version": "4",
            "os_version": "Pnx3mXiN5d",
            "os_build": "78806",
            "ou": [
                "iBBHbLmzb",
                "fDRhjM",
                "URR",
                "Jjjmr1Gl9",
                "kmMY15A2"
            ],
            "platform_id": "2",
            "platform_name": "6zIpwLi",
            "policies": [
                {
                    "policy_type": "bionbtific",
                    "policy_id": "e7decf5c89fc414b0eae48ecd0def8c7",
                    "applied": false,
                    "settings_hash": "jcnllere",
                    "assigned_date": "2024-04-16T00:00:00.000000Z",
                    "applied_date": "2024-01-21T00:00:00.000000Z",
                    "rule_groups": [
                        "ed6d34065d6446a6feb5a4c11fdc189e",
                        "fcaed973a0e00abc807eff23a1baef6a"
                    ]
                }
            ],
            "reduced_functionality_mode": "ao",
            "device_policies": {
                "prevention": {
                    "policy_type": "gygniryjnn",
                    "policy_id": "175be79d8750f157cf1aa7e8e87beded",
                    "applied": false,
                    "settings_hash": "ezuoaceg",
                    "assigned_date": "2024-04-19T00:00:00.000000Z",
                    "applied_date": "2023-02-05T00:00:00.000000Z",
                    "rule_groups": [
                        "c8cf95159e51eee0f7a2afde2cc4eca7",
                        "76d34f8ba169cea69d61d314b5eea41d"
                    ]
                },
                "sensor_update": {
                    "policy_type": "Test Mock",
                    "policy_id": "cbbb78ea407ce68f0b0a5efa97fd7daa",
                    "applied": false,
                    "settings_hash": "IuyuED0u",
                    "assigned_date": "2023-12-14T00:00:00.000000Z",
                    "applied_date": "2023-04-09T00:00:00.000000Z",
                    "uninstall_protection": "FHPSVIA"
                },
                "device_control": {
                    "policy_type": "Data Demo Data Sample Demo",
                    "policy_id": "efafaf8a075f5459ca72ba3baa5fbf4c",
                    "applied": true,
                    "assigned_date": "2023-08-31T00:00:00.000000Z",
                    "applied_date": "2023-02-19T00:00:00.000000Z"
                },
                "global_config": {
                    "policy_type": "Fake Fake Example",
                    "policy_id": "06109d45dd6399a41aad285fa12940cd",
                    "applied": false,
                    "settings_hash": "cupmnpfu",
                    "assigned_date": "2023-05-01T00:00:00.000000Z",
                    "applied_date": "2024-08-09T00:00:00.000000Z"
                },
                "remote_response": {
                    "policy_type": "Sample Data Demo",
                    "policy_id": "068f2b05c92bfe317dce3fadadace4e7",
                    "applied": true,
                    "settings_hash": "qtdxnjag",
                    "assigned_date": "2024-01-25T00:00:00.000000Z",
                    "applied_date": "2023-10-17T00:00:00.000000Z"
                },
                "firewall": {
                    "policy_type": "crhlrxje",
                    "policy_id": "7ce385dedfabeb9fb5c30d258ce0f3c0",
                    "applied": true,
                    "assigned_date": "2024-03-15T00:00:00.000000Z",
                    "applied_date": "2024-02-14T00:00:00.000000Z",
                    "rule_set_id": "f537ac41ce3e2bdecb9cbf8be1ccd1ed"
                },
                "system-tray": {
                    "policy_type": "Example Mock Example Data",
                    "policy_id": "2f35ab93e8e119b4d966f59c373d8290",
                    "applied": false,
                    "settings_hash": "Example Test Sample",
                    "assigned_date": "2024-03-05T00:00:00.000000Z",
                    "applied_date": "2023-12-09T00:00:00.000000Z"
                },
                "sca": {
                    "policy_type": "got",
                    "policy_id": "ccec474abdbddabfed8bc17cd1e1a41b",
                    "applied": true,
                    "settings_hash": "Mock Example Test Data",
                    "assigned_date": "2024-10-22T00:00:00.000000Z",
                    "applied_date": "2023-06-06T00:00:00.000000Z"
                }
            },
            "groups": [
                "57233db294bfbb0c3a7bde0e5bb1c10f",
                "0bd39f3c054c9c27c7ecbe195baad350",
                "ee5c2a85bd73f9bb03d1a0fb4d719a28"
            ],
            "group_hash": "Random Demo Fake Mock Mock",
            "product_type": "2",
            "product_type_desc": "Example Mock Example",
            "provision_status": "Demo Test Mock",
            "serial_number": "A8VVPCCUL",
            "service_pack_minor": "1",
            "pointer_size": "2",
            "site_name": "Random Test",
            "status": "llstvf",
            "system_manufacturer": "Lenovo",
            "system_product_name": "WR00EC0ds",
            "tags": [],
            "modified_timestamp": "2024-12-11T00:00:00.000000Z",
            "meta": {
                "version": "8030",
                "version_string": "Random Sample Test Example Fake"
            },
            "kernel_version": "10.4.29704.4",
            "os_product_name": "Test Test Fake",
            "chassis_type": "2",
            "chassis_type_desc": "QkRGi",
            "last_reboot": "2023-12-29T00:00:00.000000Z",
            "connection_ip": "124.18.16.207",
            "default_gateway_ip": "186.199.151.127",
            "connection_mac_address": "de-e8-48-1d-ae-83"
        },
        {
            "device_id": "be2e9fc8bbcd3e389fad54a4c610789e",
            "cid": "fa551a2df1e1c4a7c67d96a4f4efafca",
            "agent_load_flags": "2",
            "agent_local_time": "2023-05-27T00:00:00.000000Z",
            "agent_version": "8.13.18916.1",
            "bios_manufacturer": "VMware, Inc.",
            "bios_version": "Data Fake Mock Demo",
            "build_number": "19060",
            "config_id_base": "77664850",
            "config_id_build": "00770",
            "config_id_platform": "5",
            "cpu_signature": "343518",
            "cpu_vendor": "9",
            "external_ip": "164.66.221.218",
            "mac_address": "79-3f-d1-38-c0-dc",
            "hostname": "WORKSTATIONFV05XT1",
            "first_seen": "2023-10-26T00:00:00.000000Z",
            "last_seen": "2023-02-16T00:00:00.000000Z",
            "local_ip": "74.2.250.150",
            "major_version": "03",
            "minor_version": "5",
            "os_version": "NVG0a9YWFu",
            "os_build": "20504",
            "platform_id": "4",
            "platform_name": "hATSNU9",
            "policies": [
                {
                    "policy_type": "poihxjpuyt",
                    "policy_id": "085caf0813a1c56bab6d426c6beb9b79",
                    "applied": false,
                    "settings_hash": "ejvtwpyk",
                    "assigned_date": "2023-05-01T00:00:00.000000Z",
                    "applied_date": "2024-03-28T00:00:00.000000Z",
                    "rule_groups": [
                        "ec07ceab25fa9d22c158ecce4fdbc726",
                        "ddaff3cafdd1114cbc4f8b6abbd7bc6f"
                    ]
                }
            ],
            "reduced_functionality_mode": "cy",
            "device_policies": {
                "prevention": {
                    "policy_type": "xcebenemwg",
                    "policy_id": "be4ea33c8f419f063bf04fee60701a75",
                    "applied": true,
                    "settings_hash": "elctiebo",
                    "assigned_date": "2023-07-23T00:00:00.000000Z",
                    "applied_date": "2023-12-27T00:00:00.000000Z",
                    "rule_groups": [
                        "f21e5dff61af20b12ce978320ccdf7c8",
                        "4c3e5ed6ae36e01fcaaf95e922dab9bc"
                    ]
                },
                "sensor_update": {
                    "policy_type": "Data Random Mock Example",
                    "policy_id": "6a0f5dffdface543fa9fc1b89a76da27",
                    "applied": true,
                    "settings_hash": "lUxlvS9z",
                    "assigned_date": "2024-07-25T00:00:00.000000Z",
                    "applied_date": null,
                    "uninstall_protection": "FVMDJFJ"
                },
                "device_control": {
                    "policy_type": "Data Test Mock Sample Random",
                    "policy_id": "eab8bb01b125bd31c8af7bdbccef2de1",
                    "applied": false,
                    "assigned_date": "2023-12-06T00:00:00.000000Z",
                    "applied_date": "2023-07-03T00:00:00.000000Z"
                },
                "global_config": {
                    "policy_type": "Random Mock Demo Data Example",
                    "policy_id": "ada28a84c2ddcd77b5aa78b4718ce8c6",
                    "applied": false,
                    "settings_hash": "uxcgcfxp",
                    "assigned_date": "2024-06-02T00:00:00.000000Z",
                    "applied_date": "2023-11-08T00:00:00.000000Z"
                },
                "remote_response": {
                    "policy_type": "Example Data",
                    "policy_id": "0e703ca665775fadf1701bb8f0f5a4f0",
                    "applied": true,
                    "settings_hash": "klqkxwkd",
                    "assigned_date": "2024-10-20T00:00:00.000000Z",
                    "applied_date": "2023-10-06T00:00:00.000000Z"
                },
                "firewall": {
                    "policy_type": "vakhshbj",
                    "policy_id": "ffa8a30dbc903aa8ac21cee6ff1cbb9e",
                    "applied": false,
                    "assigned_date": "2024-09-13T00:00:00.000000Z",
                    "applied_date": "2024-12-10T00:00:00.000000Z",
                    "rule_set_id": "c1f1e1eb5eeab6c10cdcdf20f0ed8037"
                },
                "system-tray": {
                    "policy_type": "Demo Fake Data Example Demo",
                    "policy_id": "6b62d9b3efbb45a11b46cbc013bb9819",
                    "applied": true,
                    "settings_hash": "Random Data Demo",
                    "assigned_date": "2024-04-01T00:00:00.000000Z",
                    "applied_date": "2024-08-13T00:00:00.000000Z"
                },
                "sca": {
                    "policy_type": "egr",
                    "policy_id": "4dc92ccf2d2cbfb9a3c90bc7a0effa90",
                    "applied": false,
                    "settings_hash": "Mock Demo Sample Random Fake",
                    "assigned_date": "2023-08-27T00:00:00.000000Z",
                    "applied_date": "2024-08-28T00:00:00.000000Z"
                }
            },
            "groups": [
                "8d5f1a027bbfc111cf2413efbeabea20",
                "afbbcde0d776a8c0bb03bb7cbb1db4d7",
                "9dac897beef8eb7185a19c74eafa8475"
            ],
            "group_hash": "Demo Fake",
            "product_type": "3",
            "product_type_desc": "Fake Demo",
            "serial_number": "RQKRJ0PD3L7",
            "service_pack_minor": "6",
            "pointer_size": "3",
            "status": "bpjpph",
            "system_manufacturer": "ASUS",
            "system_product_name": "Test Sample Sample",
            "tags": [],
            "modified_timestamp": "2023-05-07T00:00:00.000000Z",
            "meta": {
                "version": "24",
                "version_string": "Test Test"
            },
            "kernel_version": "2.89.92015.8",
            "os_product_name": "Test Random Example",
            "chassis_type": "72",
            "chassis_type_desc": "1b9uUG",
            "last_reboot": "2024-01-14T00:00:00.000000Z",
            "connection_ip": "248.11.254.57",
            "default_gateway_ip": "236.5.206.210",
            "connection_mac_address": "b8-2a-96-d9-dd-d3"
        }
    ],
    "errors": null
}