{
    "meta": {
        "query_time": 3.599771,
        "powered_by": "lywogqozwu",
        "trace_id": "42c7d3a0-dd47-2284-dfa0-dcbdcf6ea42d"
    },
    "resources": [
        {
            "device_id": "e793ffccdaae5602a643a0156f0cadb1",
            "cid": "76a70dd8d5d61e6bff13a3d86b84fd16",
            "agent_load_flags": "9",
            "agent_local_time": "2023-03-06T00:00:00.000000Z",
            "agent_version": "7.30.29628.3",
            "bios_manufacturer": "ASUS",
            "bios_version": "Random Random",
            "build_number": "38131",
            "config_id_base": "38512127",
            "config_id_build": "60450",
            "config_id_platform": "1",
            "cpu_signature": "754816",
            "cpu_vendor": "0",
            "external_ip": "74.98.178.64",
            "mac_address": "18-a6-f1-a2-6d-c0",
            "hostname": "DEVICEDR5M6H4",
            "first_seen": "2023-12-17T00:00:00.000000Z",
            "last_seen": "2023-12-07T00:00:00.000000Z",
            "local_ip": "25.125.104.243",
            "major_version": "42",
            "minor_version": "9",
            "os_version": "1D39r0M72x",
            "os_build": "29099",
            "platform_id": "3",
            "platform_name": "e5vKRZy",
            "policies": [
                {
                    "policy_type": "xeaxqgefwr",
                    "policy_id": "dff59a4cdea2a4275dacea5f69e0ded5",
                    "applied": false,
                    "settings_hash": "ilwlujsj",
                    "assigned_date": "2023-09-05T00:00:00.000000Z",
                    "applied_date": "2024-06-10T00:00:00.000000Z",
                    "rule_groups": [
                        "36dbefdf0b82d6ccecd8ad3d16ca3bdc",
                        "4939ce5c1678c9ef8e33faa9ce6af75f"
                    ]
                }
            ],
            "reduced_functionality_mode": "kt",
            "device_policies": {
                "prevention": {
                    "policy_type": "efyechsdsf",
                    "policy_id": "2d796cbbbc631cba9cb3d61dfc20ebea",
                    "applied": true,
                    "settings_hash": "ivekyroq",
                    "assigned_date": "2023-02-08T00:00:00.000000Z",
                    "applied_date": "2023-01-03T00:00:00.000000Z",
                    "rule_groups": [
                        "da61bbc3c7bdbbaccb7101cbe3311bcc",
                        "b6dbda6aeb05cc5cb15118d990da1d48"
                    ]
                },
                "sensor_update": {
                    "policy_type": "Random Fake Random",
                    "policy_id": "a16733ff9c87619cfedb2ebdabacd8f7",
                    "applied": true,
                    "settings_hash": "UawDz0",
                    "assigned_date": "2023-05-13T00:00:00.000000Z",
                    "applied_date": null,
                    "uninstall_protection": "DCVBLWAQ"
                },
                "device_control": {
                    "policy_type": "Sample Example",
                    "policy_id": "0a43b0da91ac9b6ed8ddafc3da09a487",
                    "applied": false,
                    "assigned_date": "2024-09-23T00:00:00.000000Z",
                    "applied_date": "2024-11-14T00:00:00.000000Z"
                },
                "global_config": {
                    "policy_type": "Demo Example",
                    "policy_id": "cb170e9cbeaeaee9e93ed7f0a566c452",
                    "applied": false,
                    "settings_hash": "yzvsmpzx",
                    "assigned_date": "2023-11-17T00:00:00.000000Z",
                    "applied_date": null
                },
                "remote_response": {
                    "policy_type": "Demo Data Demo Test Demo",
                    "policy_id": "d25d9dfce137db561ca6abe14f90c217",
                    "applied": true,
                    "settings_hash": "escnkaae",
                    "assigned_date": "2024-11-12T00:00:00.000000Z",
                    "applied_date": "2024-03-20T00:00:00.000000Z"
                },
                "firewall": {
                    "policy_type": "apaqfcoc",
                    "policy_id": "c924622fea4ab7cce9c945acaa36ce14",
                    "applied": true,
                    "assigned_date": "2023-11-08T00:00:00.000000Z",
                    "applied_date": "2023-06-28T00:00:00.000000Z",
                    "rule_set_id": "ab4ef9edfd1ea4fee9f82c8bb09feb6f"
                },
                "system-tray": {
                    "policy_type": "Example Sample Mock",
                    "policy_id": "28cfde307fac01ccb1f4cb0c38c7d65c",
                    "applied": false,
                    "settings_hash": "Fake Data",
                    "assigned_date": "2024-11-19T00:00:00.000000Z",
                    "applied_date": "2024-04-01T00:00:00.000000Z"
                },
                "sca": {
                    "policy_type": "tbv",
                    "policy_id": "cdea5082a64dddcc207cb4b1125bc619",
                    "applied": true,
                    "settings_hash": "Mock Example Test Sample Fake",
                    "assigned_date": "2024-02-13T00:00:00.000000Z",
                    "applied_date": "2023-10-06T00:00:00.000000Z"
                }
            },
            "groups": [
                "cf10ac8c16e87ba1c9bedafc8634fbed",
                "ceb9a65a9ccaecfa9fdf5ced0ebe26a5",
                "aa573acdd5ec20f7d3c9dcb7ad602fed"
            ],
            "group_hash": "Sample Demo Sample Data Random",
            "product_type": "2",
            "product_type_desc": "Data Mock Sample Fake Test",
            "serial_number": "3Q1B2BGK",
            "service_pack_minor": "6",
            "pointer_size": "9",
            "status": "rfaaqq",
            "system_manufacturer": "Lenovo",
            "system_product_name": "Sample Mock Random Example Demo",
            "tags": [],
            "modified_timestamp": "2024-11-12T00:00:00.000000Z",
            "meta": {
                "version": "79",
                "version_string": "Test Test Mock Random Test"
            },
            "kernel_version": "2.0.92921.9",
            "os_product_name": "Data Mock Fake",
            "chassis_type": "08",
            "chassis_type_desc": "tEIHbT",
            "last_reboot": "2023-05-09T00:00:00.000000Z",
            "connection_ip": "11.208.96.6",
            "default_gateway_ip": "42.58.204.34",
            "connection_mac_address": "e4-ee-a5-6b-62-ef"
        },
        {
            "device_id": "acddead0aecddc84dce2c762888fc48d",
            "cid": "e5afdbf3f2530867fdcfc2e2f41e5027",
            "agent_load_flags": "8",
            "agent_local_time": "2024-11-01T00:00:00.000000Z",
            "agent_version": "2.92.91670.1",
            "bios_manufacturer": "Dell Inc.",
            "bios_version": "Fake Mock",
            "build_number": "57070",
            "config_id_base": "50901327",
            "config_id_build": "03260",
            "config_id_platform": "5",
            "cpu_signature": "618593",
            "cpu_vendor": "8",
            "external_ip": "146.99.152.235",
            "mac_address": "b9-2a-93-67-c1-59",
            "hostname": "190.13.47.116",
            "first_seen": "2023-06-04T00:00:00.000000Z",
            "last_seen": "2024-02-20T00:00:00.000000Z",
            "local_ip": "253.230.122.148",
            "major_version": "59",
            "minor_version": "5",
            "os_version": "Ot7aKcMHzi",
            "os_build": "12096",
            "platform_id": "6",
            "platform_name": "3BCShud",
            "policies": [
                {
                    "policy_type": "wexquwvwyu",
                    "policy_id": "7d5b734aa50bf065e5da7aeaf47cd8e9",
                    "applied": false,
                    "settings_hash": "udzxeugv",
                    "assigned_date": "2023-12-15T00:00:00.000000Z",
                    "applied_date": "2023-04-07T00:00:00.000000Z",
                    "rule_groups": [
                        "bb5cecd4401f9757a5fc288c90df7ce0",
                        "358caec8f88cceed8f07b22bd992ab7f"
                    ]
                }
            ],
            "reduced_functionality_mode": "gm",
            "device_policies": {
                "prevention": {
                    "policy_type": "xfkgqxclde",
                    "policy_id": "badef0b5caebeea0b6bac54372c0d19b",
                    "applied": false,
                    "settings_hash": "fdrixrfq",
                    "assigned_date": "2024-02-08T00:00:00.000000Z",
                    "applied_date": "2024-06-01T00:00:00.000000Z",
                    "rule_groups": [
                        "75fe2c17d7c2bea9730a6c421acb4dab",
                        "57e96e4d3c02ffd3af61c9e8e5eefc2b"
                    ]
                },
                "sensor_update": {
                    "policy_type": "Test Demo",
                    "policy_id": "b34df7add1d368a8c3d1a6cf1aaa53ac",
                    "applied": true,
                    "settings_hash": "AvCvbU",
                    "assigned_date": "2023-10-03T00:00:00.000000Z",
                    "applied_date": null,
                    "uninstall_protection": "HNVROASM"
                },
                "device_control": {
                    "policy_type": "Test Random",
                    "policy_id": "fdb0353b5ece9de3b5ebc77e2fa3d502",
                    "applied": true,
                    "assigned_date": "2023-10-03T00:00:00.000000Z",
                    "applied_date": "2024-09-10T00:00:00.000000Z"
                },
                "global_config": {
                    "policy_type": "Test Test Demo Random Fake",
                    "policy_id": "7b0eceacefa322efe8f6ba7dccecdfcb",
                    "applied": false,
                    "settings_hash": "svjkgakh",
                    "assigned_date": "2023-06-30T00:00:00.000000Z",
                    "applied_date": null
                },
                "remote_response": {
                    "policy_type": "Mock Data Mock Test Fake",
                    "policy_id": "1fddecbc8e7a87f1def7bac7e9bdecbf",
                    "applied": true,
                    "settings_hash": "grgqqnsh",
                    "assigned_date": "2024-03-18T00:00:00.000000Z",
                    "applied_date": "2024-07-13T00:00:00.000000Z"
                },
                "firewall": {
                    "policy_type": "unkefybh",
                    "policy_id": "cb6a3dfaf53d888ee3deb2df9a81010b",
                    "applied": true,
                    "assigned_date": "2024-02-16T00:00:00.000000Z",
                    "applied_date": "2023-01-02T00:00:00.000000Z",
                    "rule_set_id": "c6afbd3f32cbae6eed1aaa83c93bfd4f"
                },
                "system-tray": {
                    "policy_type": "Random Test Sample",
                    "policy_id": "aae910f2f65eb2d305eb4ee8fa2a9aec",
                    "applied": false,
                    "settings_hash": "Example Demo Sample",
                    "assigned_date": "2024-11-01T00:00:00.000000Z",
                    "applied_date": "2024-11-03T00:00:00.000000Z"
                },
                "sca": {
                    "policy_type": "pon",
                    "policy_id": "d41dea7730a3febd8b6826a2b5b92da0",
                    "applied": false,
                    "settings_hash": "Example Fake",
                    "assigned_date": "2024-10-12T00:00:00.000000Z",
                    "applied_date": "2023-06-23T00:00:00.000000Z"
                }
            },
            "groups": [
                "e1fb6fda04ccaa241badbc99fa1ec7f1",
                "8d0ff50482fd7ce71bdaebd3ddcfd0aa",
                "b9194aba4aae5e5b7deaca0d6aebcacd"
            ],
            "group_hash": "Demo Mock",
            "product_type": "8",
            "product_type_desc": "Test Demo Random",
            "serial_number": "TLRLKNWY",
            "service_pack_minor": "2",
            "pointer_size": "2",
            "status": "hvejde",
            "system_manufacturer": "Lenovo",
            "system_product_name": "Demo Mock Random Sample",
            "tags": [],
            "modified_timestamp": "2024-09-08T00:00:00.000000Z",
            "meta": {
                "version": "45",
                "version_string": "Fake Mock Data Test Mock"
            },
            "kernel_version": "9.7.8059.8",
            "os_product_name": "Sample Demo Demo Example",
            "chassis_type": "37",
            "chassis_type_desc": "PXQBq9",
            "last_reboot": "2024-02-26T00:00:00.000000Z",
            "connection_ip": "225.228.184.189",
            "default_gateway_ip": "191.229.158.235",
            "connection_mac_address": "0a-f5-44-98-ff-e6"
        }
    ],
    "errors": null
}