{
    "meta": {
        "query_time": 4.292714,
        "pagination": {
            "offset": 75715,
            "limit": 862143,
            "total": 555891
        },
        "trace_id": "3cdabda2-bef3-bc1d-79af-20edfb4b99ce"
    },
    "errors": null,
    "resources": [
        {
            "id": "baaf6ae971e24d1e256e903fadd6d373",
            "group_type": "digqaij",
            "name": "Random Mock Fake",
            "description": "Data Example",
            "assignment_rule": "Data Mock",
            "created_by": "sample.org",
            "created_timestamp": "2023-04-20T00:00:00.000000Z",
            "modified_by": "test.local",
            "modified_timestamp": "2023-07-07T00:00:00.000000Z"
        },
        {
            "id": "16a8baeacddddfbe84f04c767354533b",
            "group_type": "gplwdfq",
            "name": "Data Example Example Fake",
            "description": "Random Data",
            "assignment_rule": "fake.net",
            "created_by": "fake.net",
            "created_timestamp": "2023-10-23T00:00:00.000000Z",
            "modified_by": "demo.corp",
            "modified_timestamp": "2023-04-08T00:00:00.000000Z"
        }
    ]
}