{
    "meta": {
        "query_time": 6.014372,
        "pagination": {
            "offset": 441172,
            "limit": 898337,
            "total": 755182
        },
        "trace_id": "4993ed7f-4af1-cab1-e7f5-1bae592bb40e"
    },
    "errors": null,
    "resources": [
        {
            "id": "4dc6a22ed4d8bdbae5e69e5bfc3e0fdd",
            "group_type": "olzdecp",
            "name": "Fake Data",
            "description": "Sample Test Sample Sample Mock",
            "assignment_rule": "example.com",
            "created_by": "sample.org",
            "created_timestamp": "2023-03-04T00:00:00.000000Z",
            "modified_by": "fake.net",
            "modified_timestamp": "2023-11-08T00:00:00.000000Z"
        },
        {
            "id": "cac4edefeb3b39fef20a39c82e9efee0",
            "group_type": "uwwqzz",
            "name": "Sample Fake Data Test Mock",
            "description": "Fake Data",
            "created_by": "example.com",
            "created_timestamp": "2024-12-13T00:00:00.000000Z",
            "modified_by": "demo.corp",
            "modified_timestamp": "2023-07-16T00:00:00.000000Z"
        }
    ]
}