[
    {"model": "api.hostgroup", "pk": "group_001", "fields": {"group_type": "static", "name": "Production Servers", "description": "All production servers", "assignment_rule": "hostname:*-prod-*", "created_by": "admin@company.com", "created_timestamp": "2023-03-04T00:00:00Z", "modified_by": "admin@company.com", "modified_timestamp": "2023-11-08T00:00:00Z"}},
    {"model": "api.hostgroup", "pk": "group_002", "fields": {"group_type": "dynamic", "name": "Windows Workstations", "description": "All Windows machines", "assignment_rule": "platform_name:Windows", "created_by": "security@company.com", "created_timestamp": "2024-01-15T00:00:00Z", "modified_by": "security@company.com", "modified_timestamp": "2024-06-20T00:00:00Z"}},
    {"model": "api.hostgroup", "pk": "group_003", "fields": {"group_type": "static", "name": "Development Team", "description": "Developer workstations", "assignment_rule": "", "created_by": "devops@company.com", "created_timestamp": "2023-06-10T00:00:00Z", "modified_by": "devops@company.com", "modified_timestamp": "2024-02-14T00:00:00Z"}},
    {"model": "api.hostgroup", "pk": "group_004", "fields": {"group_type": "dynamic", "name": "Linux Servers", "description": "All Linux servers", "assignment_rule": "platform_name:Linux", "created_by": "admin@company.com", "created_timestamp": "2023-01-20T00:00:00Z", "modified_by": "admin@company.com", "modified_timestamp": "2024-03-15T00:00:00Z"}},
    {"model": "api.hostgroup", "pk": "group_005", "fields": {"group_type": "static", "name": "Sales Department", "description": "Sales team devices", "assignment_rule": "", "created_by": "hr@company.com", "created_timestamp": "2023-09-01T00:00:00Z", "modified_by": "hr@company.com", "modified_timestamp": "2024-01-10T00:00:00Z"}},
    {"model": "api.device", "pk": "device_001", "fields": {"cid": "cid_001", "hostname": "DESKTOP-PROD-001", "external_ip": "74.173.96.120", "local_ip": "192.168.1.100", "mac_address": "a8-bd-18-5f-f8-ee", "platform_name": "Windows", "os_version": "Windows 10 Pro", "agent_version": "10.19.91655.4", "first_seen": "2024-01-05T00:00:00Z", "last_seen": "2024-11-08T00:00:00Z", "status": "normal", "system_manufacturer": "Dell Inc.", "serial_number": "DELL001", "groups": ["group_001", "group_003"]}},
    {"model": "api.device", "pk": "device_002", "fields": {"cid": "cid_002", "hostname": "WORKSTATION-DEV-002", "external_ip": "164.66.221.218", "local_ip": "192.168.1.101", "mac_address": "79-3f-d1-38-c0-dc", "platform_name": "Windows", "os_version": "Windows 11 Pro", "agent_version": "8.13.18916.1", "first_seen": "2023-10-26T00:00:00Z", "last_seen": "2024-12-01T00:00:00Z", "status": "normal", "system_manufacturer": "ASUS", "serial_number": "ASUS002", "groups": ["group_002"]}},
    {"model": "api.device", "pk": "device_003", "fields": {"cid": "cid_003", "hostname": "SERVER-LINUX-001", "external_ip": "203.45.67.89", "local_ip": "10.0.0.50", "mac_address": "00-1a-2b-3c-4d-5e", "platform_name": "Linux", "os_version": "Ubuntu 22.04 LTS", "agent_version": "7.10.16303.0", "first_seen": "2023-05-15T00:00:00Z", "last_seen": "2024-12-10T00:00:00Z", "status": "normal", "system_manufacturer": "VMware", "serial_number": "VMW001", "groups": ["group_001", "group_004"]}},
    {"model": "api.device", "pk": "device_004", "fields": {"cid": "cid_004", "hostname": "MACBOOK-DESIGN-001", "external_ip": "98.76.54.32", "local_ip": "192.168.1.150", "mac_address": "f0-18-98-a1-b2-c3", "platform_name": "Mac", "os_version": "macOS Sonoma 14.2", "agent_version": "7.08.17205.1", "first_seen": "2024-02-20T00:00:00Z", "last_seen": "2024-12-09T00:00:00Z", "status": "reduced_functionality", "system_manufacturer": "Apple Inc.", "serial_number": "APPLE001", "groups": ["group_003"]}},
    {"model": "api.device", "pk": "device_005", "fields": {"cid": "cid_005", "hostname": "LAPTOP-SALES-003", "external_ip": null, "local_ip": "192.168.2.75", "mac_address": "d4-e5-f6-a1-b2-c3", "platform_name": "Windows", "os_version": "Windows 10 Enterprise", "agent_version": "10.15.88432.2", "first_seen": "2023-08-01T00:00:00Z", "last_seen": "2024-11-30T00:00:00Z", "status": "normal", "system_manufacturer": "Lenovo", "serial_number": "LENOVO001", "groups": ["group_002", "group_005"]}},
    {"model": "api.device", "pk": "device_006", "fields": {"cid": "cid_006", "hostname": "SERVER-PROD-002", "external_ip": "45.67.89.10", "local_ip": "10.0.0.51", "mac_address": "11-22-33-44-55-66", "platform_name": "Linux", "os_version": "CentOS 8", "agent_version": "7.10.16303.0", "first_seen": "2023-02-10T00:00:00Z", "last_seen": "2024-12-11T00:00:00Z", "status": "normal", "system_manufacturer": "HP", "serial_number": "HP001", "groups": ["group_001", "group_004"]}},
    {"model": "api.device", "pk": "device_007", "fields": {"cid": "cid_007", "hostname": "DESKTOP-DEV-003", "external_ip": "123.45.67.89", "local_ip": "192.168.1.102", "mac_address": "aa-bb-cc-dd-ee-ff", "platform_name": "Windows", "os_version": "Windows 11 Pro", "agent_version": "10.19.91655.4", "first_seen": "2024-03-15T00:00:00Z", "last_seen": "2024-12-10T00:00:00Z", "status": "normal", "system_manufacturer": "Dell Inc.", "serial_number": "DELL002", "groups": ["group_002", "group_003"]}},
    {"model": "api.device", "pk": "device_008", "fields": {"cid": "cid_008", "hostname": "LAPTOP-SALES-004", "external_ip": "87.65.43.21", "local_ip": "192.168.2.76", "mac_address": "12-34-56-78-9a-bc", "platform_name": "Windows", "os_version": "Windows 10 Pro", "agent_version": "10.15.88432.2", "first_seen": "2023-07-20T00:00:00Z", "last_seen": "2024-11-28T00:00:00Z", "status": "normal", "system_manufacturer": "HP", "serial_number": "HP002", "groups": ["group_002", "group_005"]}},
    {"model": "api.device", "pk": "device_009", "fields": {"cid": "cid_009", "hostname": "SERVER-DB-001", "external_ip": "56.78.90.12", "local_ip": "10.0.0.100", "mac_address": "de-ad-be-ef-00-01", "platform_name": "Linux", "os_version": "Ubuntu 20.04 LTS", "agent_version": "7.10.16303.0", "first_seen": "2022-11-01T00:00:00Z", "last_seen": "2024-12-11T00:00:00Z", "status": "normal", "system_manufacturer": "Dell Inc.", "serial_number": "DELL003", "groups": ["group_001", "group_004"]}},
    {"model": "api.device", "pk": "device_010", "fields": {"cid": "cid_010", "hostname": "MACBOOK-DEV-002", "external_ip": "34.56.78.90", "local_ip": "192.168.1.151", "mac_address": "ab-cd-ef-12-34-56", "platform_name": "Mac", "os_version": "macOS Ventura 13.5", "agent_version": "7.08.17205.1", "first_seen": "2023-09-10T00:00:00Z", "last_seen": "2024-12-08T00:00:00Z", "status": "normal", "system_manufacturer": "Apple Inc.", "serial_number": "APPLE002", "groups": ["group_003"]}},
    {"model": "api.device", "pk": "device_011", "fields": {"cid": "cid_011", "hostname": "DESKTOP-SALES-005", "external_ip": "78.90.12.34", "local_ip": "192.168.2.77", "mac_address": "11-aa-22-bb-33-cc", "platform_name": "Windows", "os_version": "Windows 10 Enterprise", "agent_version": "10.15.88432.2", "first_seen": "2023-04-05T00:00:00Z", "last_seen": "2024-11-25T00:00:00Z", "status": "normal", "system_manufacturer": "Lenovo", "serial_number": "LENOVO002", "groups": ["group_002", "group_005"]}},
    {"model": "api.device", "pk": "device_012", "fields": {"cid": "cid_012", "hostname": "SERVER-WEB-001", "external_ip": "90.12.34.56", "local_ip": "10.0.0.52", "mac_address": "44-55-66-77-88-99", "platform_name": "Linux", "os_version": "Debian 11", "agent_version": "7.10.16303.0", "first_seen": "2023-01-15T00:00:00Z", "last_seen": "2024-12-11T00:00:00Z", "status": "normal", "system_manufacturer": "VMware", "serial_number": "VMW002", "groups": ["group_001", "group_004"]}},
    {"model": "api.device", "pk": "device_013", "fields": {"cid": "cid_013", "hostname": "LAPTOP-DEV-004", "external_ip": "12.34.56.78", "local_ip": "192.168.1.103", "mac_address": "99-88-77-66-55-44", "platform_name": "Windows", "os_version": "Windows 11 Pro", "agent_version": "10.19.91655.4", "first_seen": "2024-01-20T00:00:00Z", "last_seen": "2024-12-09T00:00:00Z", "status": "normal", "system_manufacturer": "ASUS", "serial_number": "ASUS003", "groups": ["group_002", "group_003"]}},
    {"model": "api.device", "pk": "device_014", "fields": {"cid": "cid_014", "hostname": "DESKTOP-HR-001", "external_ip": "65.43.21.09", "local_ip": "192.168.3.50", "mac_address": "fe-dc-ba-98-76-54", "platform_name": "Windows", "os_version": "Windows 10 Pro", "agent_version": "10.15.88432.2", "first_seen": "2023-06-01T00:00:00Z", "last_seen": "2024-11-20T00:00:00Z", "status": "normal", "system_manufacturer": "HP", "serial_number": "HP003", "groups": ["group_002"]}},
    {"model": "api.device", "pk": "device_015", "fields": {"cid": "cid_015", "hostname": "SERVER-APP-001", "external_ip": "21.43.65.87", "local_ip": "10.0.0.53", "mac_address": "01-23-45-67-89-ab", "platform_name": "Linux", "os_version": "RHEL 8", "agent_version": "7.10.16303.0", "first_seen": "2022-08-20T00:00:00Z", "last_seen": "2024-12-11T00:00:00Z", "status": "normal", "system_manufacturer": "Dell Inc.", "serial_number": "DELL004", "groups": ["group_001", "group_004"]}},
    {"model": "api.device", "pk": "device_016", "fields": {"cid": "cid_016", "hostname": "MACBOOK-SALES-001", "external_ip": "43.65.87.09", "local_ip": "192.168.2.78", "mac_address": "cd-ef-01-23-45-67", "platform_name": "Mac", "os_version": "macOS Monterey 12.6", "agent_version": "7.08.17205.1", "first_seen": "2022-12-10T00:00:00Z", "last_seen": "2024-11-15T00:00:00Z", "status": "reduced_functionality", "system_manufacturer": "Apple Inc.", "serial_number": "APPLE003", "groups": ["group_005"]}},
    {"model": "api.device", "pk": "device_017", "fields": {"cid": "cid_017", "hostname": "DESKTOP-PROD-002", "external_ip": "87.09.21.43", "local_ip": "192.168.1.104", "mac_address": "89-ab-cd-ef-01-23", "platform_name": "Windows", "os_version": "Windows Server 2019", "agent_version": "10.19.91655.4", "first_seen": "2023-03-25T00:00:00Z", "last_seen": "2024-12-10T00:00:00Z", "status": "normal", "system_manufacturer": "Dell Inc.", "serial_number": "DELL005", "groups": ["group_001", "group_002"]}},
    {"model": "api.device", "pk": "device_018", "fields": {"cid": "cid_018", "hostname": "LAPTOP-HR-002", "external_ip": "09.21.43.65", "local_ip": "192.168.3.51", "mac_address": "45-67-89-ab-cd-ef", "platform_name": "Windows", "os_version": "Windows 10 Pro", "agent_version": "10.15.88432.2", "first_seen": "2023-08-15T00:00:00Z", "last_seen": "2024-11-18T00:00:00Z", "status": "normal", "system_manufacturer": "Lenovo", "serial_number": "LENOVO003", "groups": ["group_002"]}},
    {"model": "api.device", "pk": "device_019", "fields": {"cid": "cid_019", "hostname": "SERVER-CACHE-001", "external_ip": "54.32.10.98", "local_ip": "10.0.0.54", "mac_address": "67-89-ab-cd-ef-01", "platform_name": "Linux", "os_version": "Ubuntu 22.04 LTS", "agent_version": "7.10.16303.0", "first_seen": "2023-11-05T00:00:00Z", "last_seen": "2024-12-11T00:00:00Z", "status": "normal", "system_manufacturer": "VMware", "serial_number": "VMW003", "groups": ["group_001", "group_004"]}},
    {"model": "api.device", "pk": "device_020", "fields": {"cid": "cid_020", "hostname": "DESKTOP-DEV-005", "external_ip": "32.10.98.76", "local_ip": "192.168.1.105", "mac_address": "23-45-67-89-ab-cd", "platform_name": "Windows", "os_version": "Windows 11 Pro", "agent_version": "10.19.91655.4", "first_seen": "2024-02-01T00:00:00Z", "last_seen": "2024-12-09T00:00:00Z", "status": "normal", "system_manufacturer": "ASUS", "serial_number": "ASUS004", "groups": ["group_002", "group_003"]}},
    {"model": "api.device", "pk": "device_021", "fields": {"cid": "cid_021", "hostname": "LAPTOP-SALES-006", "external_ip": "10.98.76.54", "local_ip": "192.168.2.79", "mac_address": "ef-01-23-45-67-89", "platform_name": "Windows", "os_version": "Windows 10 Enterprise", "agent_version": "10.15.88432.2", "first_seen": "2023-05-20T00:00:00Z", "last_seen": "2024-11-22T00:00:00Z", "status": "normal", "system_manufacturer": "HP", "serial_number": "HP004", "groups": ["group_002", "group_005"]}},
    {"model": "api.device", "pk": "device_022", "fields": {"cid": "cid_022", "hostname": "SERVER-MAIL-001", "external_ip": "98.76.54.32", "local_ip": "10.0.0.55", "mac_address": "ab-cd-ef-01-23-45", "platform_name": "Linux", "os_version": "CentOS 8", "agent_version": "7.10.16303.0", "first_seen": "2022-09-15T00:00:00Z", "last_seen": "2024-12-11T00:00:00Z", "status": "normal", "system_manufacturer": "HP", "serial_number": "HP005", "groups": ["group_001", "group_004"]}},
    {"model": "api.device", "pk": "device_023", "fields": {"cid": "cid_023", "hostname": "MACBOOK-DEV-003", "external_ip": "76.54.32.10", "local_ip": "192.168.1.152", "mac_address": "01-23-45-67-89-ab", "platform_name": "Mac", "os_version": "macOS Sonoma 14.1", "agent_version": "7.08.17205.1", "first_seen": "2024-04-10T00:00:00Z", "last_seen": "2024-12-08T00:00:00Z", "status": "normal", "system_manufacturer": "Apple Inc.", "serial_number": "APPLE004", "groups": ["group_003"]}},
    {"model": "api.device", "pk": "device_024", "fields": {"cid": "cid_024", "hostname": "DESKTOP-FINANCE-001", "external_ip": "54.32.10.98", "local_ip": "192.168.4.50", "mac_address": "cd-ef-01-23-45-67", "platform_name": "Windows", "os_version": "Windows 10 Pro", "agent_version": "10.15.88432.2", "first_seen": "2023-02-28T00:00:00Z", "last_seen": "2024-11-19T00:00:00Z", "status": "normal", "system_manufacturer": "Dell Inc.", "serial_number": "DELL006", "groups": ["group_002"]}},
    {"model": "api.device", "pk": "device_025", "fields": {"cid": "cid_025", "hostname": "SERVER-BACKUP-001", "external_ip": "32.10.98.76", "local_ip": "10.0.0.56", "mac_address": "89-ab-cd-ef-01-23", "platform_name": "Linux", "os_version": "Ubuntu 20.04 LTS", "agent_version": "7.10.16303.0", "first_seen": "2022-06-01T00:00:00Z", "last_seen": "2024-12-11T00:00:00Z", "status": "normal", "system_manufacturer": "Dell Inc.", "serial_number": "DELL007", "groups": ["group_001", "group_004"]}},
    {"model": "api.devicestate", "pk": "device_001", "fields": {"state": "online"}},
    {"model": "api.devicestate", "pk": "device_002", "fields": {"state": "online"}},
    {"model": "api.devicestate", "pk": "device_003", "fields": {"state": "offline"}},
    {"model": "api.devicestate", "pk": "device_004", "fields": {"state": "unknown"}},
    {"model": "api.devicestate", "pk": "device_005", "fields": {"state": "online"}},
    {"model": "api.devicestate", "pk": "device_006", "fields": {"state": "online"}},
    {"model": "api.devicestate", "pk": "device_007", "fields": {"state": "online"}},
    {"model": "api.devicestate", "pk": "device_008", "fields": {"state": "offline"}},
    {"model": "api.devicestate", "pk": "device_009", "fields": {"state": "online"}},
    {"model": "api.devicestate", "pk": "device_010", "fields": {"state": "online"}},
    {"model": "api.devicestate", "pk": "device_011", "fields": {"state": "unknown"}},
    {"model": "api.devicestate", "pk": "device_012", "fields": {"state": "online"}},
    {"model": "api.devicestate", "pk": "device_013", "fields": {"state": "online"}},
    {"model": "api.devicestate", "pk": "device_014", "fields": {"state": "offline"}},
    {"model": "api.devicestate", "pk": "device_015", "fields": {"state": "online"}},
    {"model": "api.devicestate", "pk": "device_016", "fields": {"state": "unknown"}},
    {"model": "api.devicestate", "pk": "device_017", "fields": {"state": "online"}},
    {"model": "api.devicestate", "pk": "device_018", "fields": {"state": "online"}},
    {"model": "api.devicestate", "pk": "device_019", "fields": {"state": "online"}},
    {"model": "api.devicestate", "pk": "device_020", "fields": {"state": "offline"}},
    {"model": "api.devicestate", "pk": "device_021", "fields": {"state": "online"}},
    {"model": "api.devicestate", "pk": "device_022", "fields": {"state": "online"}},
    {"model": "api.devicestate", "pk": "device_023", "fields": {"state": "online"}},
    {"model": "api.devicestate", "pk": "device_024", "fields": {"state": "unknown"}},
    {"model": "api.devicestate", "pk": "device_025", "fields": {"state": "online"}}
]

